insert into Epoch (id, epoch_name, text1epoch, text2epoch, text3epoch) values (1, 'Renaissance', 'Renaissance: revival of classical art and learning', 'Revival of classical art and learning focusing on humanism detailed realism and the use of perspective to create depth and lifelike representations marking a departure from the flat and symbolic art of the medieval period', 'The Renaissance a period spanning roughly from the 14th to the 17th century in Europe witnessed a profound revival of classical art and learning. This era marked a departure from the flat and symbolic art of the medieval period as artists and scholars rekindled an interest in humanism detailed realism and the use of perspective to create depth and lifelike representations. Inspired by the rediscovery of ancient Greek and Roman texts Renaissance thinkers embraced a broader worldview celebrating the potential of human achievement and individual expression. Art flourished during this time with iconic figures such as Leonardo da Vinci Michelangelo and Raphael leaving an indelible mark on the cultural landscape. Their masterpieces from the Sistine Chapel ceiling to the Mona Lisa continue to captivate audiences with their technical prowess and emotional depth. Beyond the realm of art the Renaissance fostered advancements in science literature and philosophy laying the groundwork for the Enlightenment and shaping the course of Western civilization');
insert into Epoch (id, epoch_name, text1epoch, text2epoch, text3epoch) values (2, 'Baroque', 'Baroque: dramatic and ornate style', 'Dramatic and ornate style characterized by bold contrasts dynamic compositions and grandeur often used to evoke intense emotions and convey the power of the church and the state with artists like Caravaggio and Bernini leading the movemen', 'The Baroque period which flourished from the late 16th to the early 18th century is characterized by its dramatic and ornate style. Artists of this era sought to evoke intense emotions and convey the power of the church and the state through bold contrasts dynamic compositions and grandeur. Baroque art is known for its theatricality and exuberance with elaborate decorations and intricate details adorning paintings sculptures and architecture. Prominent figures such as Caravaggio Gian Lorenzo Bernini and Peter Paul Rubens epitomized the Baroque aesthetic producing works that dazzled audiences with their technical virtuosity and emotional resonance. Religious themes were particularly prevalent during this period as artists used their talents to inspire piety and awe among viewers. However the Baroque was not confined to religious subjects it also embraced secular themes and celebrated the splendor of courtly life. With its emphasis on spectacle and sensation the Baroque left an indelible mark on the art world influencing subsequent generations of artists and shaping the cultural landscape of Europe');
insert into Epoch (id, epoch_name, text1epoch, text2epoch, text3epoch) values (3, 'Romanticism', 'Romanticism: emphasis on emotion and nature', 'Emphasis on intense emotion and the beauty of nature often as a reaction against the industrial revolution with artists like Delacroix capturing the awe of natural landscapes', 'Romanticism emerged in the late 18th and early 19th centuries as a reaction against the rationalism of the Enlightenment and the industrial revolution. Emphasizing intense emotion imagination and the beauty of nature Romantic artists sought to evoke a sense of wonder and awe in their viewers. Individualism was a key tenet of the Romantic movement as artists explored their innermost feelings and expressed their unique perspectives on the world. Nature served as a powerful source of inspiration with landscapes and natural phenomena depicted in vivid detail to capture the sublime majesty of the natural world. Romanticism also embraced themes of nationalism folklore and the supernatural drawing on mythic imagery and historical legends to convey a sense of cultural identity and heritage. Prominent Romantic artists such as J.M.W. Turner Eugene Delacroix and Caspar David Friedrich captured the spirit of the age with their evocative landscapes dramatic narratives and passionate brushwork. Through their works they sought to transport viewers to a realm of heightened emotion and imagination where the boundaries between reality and fantasy');
insert into Epoch (id, epoch_name, text1epoch, text2epoch, text3epoch) values (4, 'Modernism', 'Modernism: break from tradition and embrace of innovation', 'Break from tradition and embrace of innovation exploring abstract new artistic techniques and forms of expression with artists like Caravaggio and Bernini', 'Modernism emerged in the late 19th and early 20th centuries as a radical break from traditional artistic conventions and norms. Rejecting the idealized representations of the past Modernist artists sought to capture the essence of modern life in all its complexity and dynamism. This period witnessed a proliferation of new artistic techniques and styles as artists experimented with abstraction fragmentation and the deconstruction of form. The Modernist movement was characterized by its embrace of innovation and its willingness to challenge established norms paving the way for a more diverse and inclusive art world. From the Cubist experiments of Pablo Picasso and Georges Braque to the Surrealist explorations of Salvador Dali and Andre Breton Modernist artists pushed the boundaries of artistic expression exploring new ways of seeing and understanding the world');

insert into Author (id, name_author, surname_author, text1author, text2author, text3author) values 
(1, 'Paja', 'Jovanović', 'Renowned for his historical and genre paintings capturing significant moments in Serbian and Balkan history', 'Paja Jovanović is a celebrated figure in Serbian art, offering a deep dive into the nations rich history.', 'Discover the vibrant works of Paja Jovanović, a master painter known for depicting Balkan heritage.'),
(2, 'Uroš', 'Predić', 'Noted for his realistic portrayals of Serbian rural life and its people', 'Experience the true essence of Serbian countryside through the eyes of Uroš Predić.', 'Uroš Predićs art provides a vivid window into the rustic life and traditions of Serbia.'),
(3, 'Nadežda', 'Petrović', 'A pioneering Serbian female artist known for her expressive and emotionally charged paintings', 'Nadežda Petrovićs paintings reflect the heart and soul of Serbias cultural and emotional landscape.', 'European art lovers will appreciate the bold and passionate works of Nadežda Petrović, a trailblazer in Serbian art.'),
(4, 'Sava', 'Šumanović', 'Celebrated for his vibrant and impressionistic depictions of landscape', 'Sava Šumanović captures the Serbian landscape with vibrant colors and impressionistic style.', 'Explore the stunning landscapes of Serbia through the impressionistic lens of Sava Šumanović.'),
(5, 'Petar', 'Lubarda', 'Known for his powerful and evocative landscapes often inspired by the rugged beauty of Montenegro and the Balkans', 'Petar Lubardas work brings to life the rugged beauty of Montenegro and the Balkans.', 'Marvel at the evocative landscapes of Petar Lubarda, showcasing the raw beauty of the Balkan region.'),
(6, 'Đorđe', 'Krstić', 'A prominent Serbian painter recognized for his poetic and introspective approach to art', 'Đorđe Krstić offers a poetic and introspective view into the world of Serbian art.', 'The poetic and introspective works of Đorđe Krstić will captivate European audiences.'),
(7, 'Ivan', 'Meštrović', 'exploring themes of identity and spirituality', 'Ivan Meštrović delves into themes of identity and spirituality, enriching Serbian artistic heritage.', 'Ivan Meštrovićs exploration of identity and spirituality resonates deeply with European art enthusiasts.'),
(8, 'Milan', 'Konjović', 'Renowned as a sculptor, Meštrovićs work encompasses themes of human suffering', 'Milan Konjovićs sculptures reflect profound themes of human suffering, contributing to Serbian culture.', 'Discover the poignant sculptures of Milan Konjović, addressing themes of human suffering.'),
(9, 'Nadežda', 'Petrović', 'Notable for his unique blend of impressionism and expressionism capturing the essence of Serbian landscapes and rural life', 'Nadežda Petrović blends impressionism and expressionism to capture the essence of Serbian life.', 'European visitors will find Nadežda Petrovićs fusion of styles both unique and captivating.'),
(10, 'Ljubomir', 'Ivanović', 'Known for his distinctive style characterized by bold colors and dynamic compositions', 'Ljubomir Ivanovićs bold colors and dynamic compositions are a hallmark of Serbian modern art.', 'Experience the vibrant and dynamic art of Ljubomir Ivanović, a key figure in contemporary Serbian art.'),
(11, 'Miloš', 'Bajić', 'Recognized for his ethereal and dreamlike landscapes infused with elements of symbolism and mysticism', 'Miloš Bajićs ethereal landscapes are infused with symbolism and mysticism, enriching Serbian art.', 'European art lovers will be drawn to Miloš Bajićs mystical and symbolic landscapes.'),
(12, 'Mladen', 'Srbinović', 'Noted for his innovative approach to abstraction exploring the boundaries between form and color in his paintings', 'Mladen Srbinović pushes the boundaries of form and color with his innovative abstract paintings.', 'Mladen Srbinovićs abstract works offer a fresh and innovative perspective for European audiences.'),
(13, 'Zora', 'Petrović', 'Celebrated for her bold and dynamic compositions, Petrovićs work often explores themes of identity, feminism, and the human condition', 'Zora Petrovićs bold compositions explore identity, feminism, and the human condition in Serbia.', 'European tourists will appreciate Zora Petrovićs exploration of identity and feminism through dynamic art.'),
(14, 'Sava', 'Stojkov', 'Known for his charming and nostalgic depictions of rural life in Serbia capturing the simplicity and beauty of everyday moments', 'Sava Stojkov captures the charm and nostalgia of Serbian rural life with simplicity and beauty.', 'Enjoy the charming and nostalgic depictions of rural Serbia through Sava Stojkovs art.'),
(15, 'Milić', 'Stanković', 'Notable for his intricate and detailed still lifes imbued with a sense of intimacy and reverence for the ordinary objects of daily life', 'Milić Stankovićs intricate still lifes bring a sense of intimacy and reverence to everyday Serbian life.', 'Milić Stankovićs detailed still lifes offer European visitors a glimpse into the ordinary yet revered objects of daily Serbian life.');

insert into Artistic_movement (id, movement_name, text1movement, text2movement, text3movement) values (1, 'Neoclassicism', 'A movement characterized by a return to classical forms', 'Neoclassicism: A movement characterized by a return to classical forms and themes emphasizing order symmetry and rationality.', 'Art is a timeless expression of the human experience transcending boundaries and languages to evoke emotions provoke thoughts and inspire change. It encompasses a vast spectrum of mediums from painting and sculpture to music literature and performance each offering a unique lens through which to view the world. Through art we communicate the depths of our souls sharing stories of love loss triumph and tragedy that resonate across time and space. It serves as a mirror reflecting the complexities of society challenging norms sparking dialogue and fostering empathy and understanding. Art invites us to see the world through new eyes to question to dream and to envision a future filled with possibility. It is a testament to the beauty of the human spirit a celebration of our shared humanity and a reminder that even in the darkest of times creativity and imagination have the power to illuminate the path forward.');
insert into Artistic_movement (id, movement_name, text1movement, text2movement, text3movement) values (2, 'Rococo', 'Known for its ornate and playful style', 'Rococo: Known for its ornate and playful style Rococo art features delicate curves pastel colors and themes of love and nature.', 'Art in its myriad forms is a boundless conduit for human expression transcending linguistic and cultural barriers to communicate the ineffable depths of the human experience. From the bold strokes of a painter''s brush to the melodic strains of a musician''s composition each artistic endeavor offers a unique glimpse into the soul of its creator and the world they inhabit. Through art we navigate the complex tapestry of emotions that define our existence weaving together stories of joy sorrow hope and despair that resonate with audiences across generations. It serves as a reflection of society both mirroring its triumphs and exposing its flaws while simultaneously offering a vision of what could be. As we immerse ourselves in the rich tapestry of artistic expression we are reminded of the inherent beauty and resilience of the human spirit finding solace in the knowledge that even in our darkest moments art has the power to inspire uplift and unite us in our shared humanity.');
insert into Artistic_movement (id, movement_name, text1movement, text2movement, text3movement) values (3, 'Realism', 'Seeking to depict life truthfully and accurately', 'Realism: Seeking to depict life truthfully and accurately Realism focuses on everyday subjects and rejects idealization or romanticization.', 'Art is the universal language of the soul speaking volumes without uttering a single word. Through its diverse forms whether it be the intricate brushstrokes of a painter the evocative melodies of a musician or the emotive movements of a dancer art has the power to transcend cultural and linguistic barriers resonating with individuals on a deeply personal level. It serves as a mirror reflecting the beauty complexity and diversity of the human experience inviting us to explore the depths of our emotions thoughts and aspirations. In a world often fraught with division and discord art has the unique ability to foster empathy connection and understanding bridging the gap between people of different backgrounds and perspectives. As we engage with art we are reminded of our shared humanity our capacity for creativity and compassion and the transformative power of beauty to inspire heal and unite us in our collective journey through life.');
insert into Artistic_movement (id, movement_name, text1movement, text2movement, text3movement) values (4, 'Impressionism', 'Impressionist artists capture fleeting moments and sensations', 'Impressionism: Impressionist artists capture fleeting moments and sensations through loose brushwork bold colors and the play of light.', 'Art is a timeless expression of the human experience transcending boundaries and languages to evoke emotions provoke thoughts and inspire change. It encompasses a vast spectrum of mediums from painting and sculpture to music literature and performance each offering a unique lens through which to view the world. Through art we communicate the depths of our souls sharing stories of love loss triumph and tragedy that resonate across time and space. It serves as a mirror reflecting the complexities of society challenging norms sparking dialogue and fostering empathy and understanding. Art invites us to see the world through new eyes to question to dream and to envision a future filled with possibility. It is a testament to the beauty of the human spirit a celebration of our shared humanity and a reminder that even in the darkest of times creativity and imagination have the power to illuminate the path forward.');
insert into Artistic_movement (id, movement_name, text1movement, text2movement, text3movement) values (5, 'Cubism', 'Characterized by fragmented forms and multiple perspectives', 'Cubism: Characterized by fragmented forms and multiple perspectives Cubist art seeks to represent objects from multiple viewpoints simultaneously.', 'Art in its myriad forms is a boundless conduit for human expression transcending linguistic and cultural barriers to communicate the ineffable depths of the human experience. From the bold strokes of a painter''s brush to the melodic strains of a musician''s composition each artistic endeavor offers a unique glimpse into the soul of its creator and the world they inhabit. Through art we navigate the complex tapestry of emotions that define our existence weaving together stories of joy sorrow hope and despair that resonate with audiences across generations. It serves as a reflection of society both mirroring its triumphs and exposing its flaws while simultaneously offering a vision of what could be. As we immerse ourselves in the rich tapestry of artistic expression we are reminded of the inherent beauty and resilience of the human spirit finding solace in the knowledge that even in our darkest moments art has the power to inspire uplift and unite us in our shared humanity.');
insert into Artistic_movement (id, movement_name, text1movement, text2movement, text3movement) values (6, 'Surrealism', 'Surrealist artists explore the subconscious mind', 'Surrealism: Surrealist artists explore the subconscious mind creating dreamlike and fantastical imagery that challenges conventional reality.', 'Art is the universal language of the soul speaking volumes without uttering a single word. Through its diverse forms whether it be the intricate brushstrokes of a painter the evocative melodies of a musician or the emotive movements of a dancer art has the power to transcend cultural and linguistic barriers resonating with individuals on a deeply personal level. It serves as a mirror reflecting the beauty complexity and diversity of the human experience inviting us to explore the depths of our emotions thoughts and aspirations. In a world often fraught with division and discord art has the unique ability to foster empathy connection and understanding bridging the gap between people of different backgrounds and perspectives. As we engage with art we are reminded of our shared humanity our capacity for creativity and compassion and the transformative power of beauty to inspire heal and unite us in our collective journey through life.');
insert into Artistic_movement (id, movement_name, text1movement, text2movement, text3movement) values (7, 'Abstract Expressionism', 'Emphasizing spontaneous gestural brushwork', 'Abstract Expressionism: Emphasizing spontaneous gestural brushwork and emotional intensity Abstract Expressionist art is deeply personal and non-representational.', 'Art is a timeless expression of the human experience transcending boundaries and languages to evoke emotions provoke thoughts and inspire change. It encompasses a vast spectrum of mediums from painting and sculpture to music literature and performance each offering a unique lens through which to view the world. Through art we communicate the depths of our souls sharing stories of love loss triumph and tragedy that resonate across time and space. It serves as a mirror reflecting the complexities of society challenging norms sparking dialogue and fostering empathy and understanding. Art invites us to see the world through new eyes to question to dream and to envision a future filled with possibility. It is a testament to the beauty of the human spirit a celebration of our shared humanity and a reminder that even in the darkest of times creativity and imagination have the power to illuminate the path forward.');
insert into Artistic_movement (id, movement_name, text1movement, text2movement, text3movement) values (8, 'Pop Art', 'Drawing inspiration from popular culture', 'Pop Art: Drawing inspiration from popular culture Pop Art celebrates consumerism and mass media through bold colors recognizable imagery and irony.', 'Art in its myriad forms is a boundless conduit for human expression transcending linguistic and cultural barriers to communicate the ineffable depths of the human experience. From the bold strokes of a painter''s brush to the melodic strains of a musician''s composition each artistic endeavor offers a unique glimpse into the soul of its creator and the world they inhabit. Through art we navigate the complex tapestry of emotions that define our existence weaving together stories of joy sorrow hope and despair that resonate with audiences across generations. It serves as a reflection of society both mirroring its triumphs and exposing its flaws while simultaneously offering a vision of what could be. As we immerse ourselves in the rich tapestry of artistic expression we are reminded of the inherent beauty and resilience of the human spirit finding solace in the knowledge that even in our darkest moments art has the power to inspire uplift and unite us in our shared humanity.');
insert into Artistic_movement (id, movement_name, text1movement, text2movement, text3movement) values (9, 'Minimalism', 'Stripping art down to its essentials', 'Minimalism: Stripping art down to its essentials Minimalist artists use simple forms geometric shapes and industrial materials to explore ideas of space form and materiality.', 'Art is the universal language of the soul speaking volumes without uttering a single word. Through its diverse forms whether it be the intricate brushstrokes of a painter the evocative melodies of a musician or the emotive movements of a dancer art has the power to transcend cultural and linguistic barriers resonating with individuals on a deeply personal level. It serves as a mirror reflecting the beauty complexity and diversity of the human experience inviting us to explore the depths of our emotions thoughts and aspirations. In a world often fraught with division and discord art has the unique ability to foster empathy connection and understanding bridging the gap between people of different backgrounds and perspectives. As we engage with art we are reminded of our shared humanity our capacity for creativity and compassion and the transformative power of beauty to inspire heal and unite us in our collective journey through life.');
insert into Artistic_movement (id, movement_name, text1movement, text2movement, text3movement) values (10, 'Postmodernism', 'Rejecting traditional boundaries and conventions', 'Postmodernism: Rejecting traditional boundaries and conventions Postmodernist art embraces eclecticism irony and self-referentiality questioning notions of authorship and originality.', 'Art is a timeless expression of the human experience transcending boundaries and languages to evoke emotions provoke thoughts and inspire change. It encompasses a vast spectrum of mediums from painting and sculpture to music literature and performance each offering a unique lens through which to view the world. Through art we communicate the depths of our souls sharing stories of love loss triumph and tragedy that resonate across time and space. It serves as a mirror reflecting the complexities of society challenging norms sparking dialogue and fostering empathy and understanding. Art invites us to see the world through new eyes to question to dream and to envision a future filled with possibility. It is a testament to the beauty of the human spirit a celebration of our shared humanity and a reminder that even in the darkest of times creativity and imagination have the power to illuminate the path forward.');

insert into Art_piece (id, address, description, image, name, retention_time, x_coordinate, y_coordinate, year_created, artistic_movement_id, author_id, epoch_id) values (1, '072 Nancy Trail', 'A depiction of Venus emerging from the sea, symbolizing birth and beauty.', 'http://dummyimage.com/107x100.png/dddddd/000000', 'Birth of Venus', 100, 2, 6, 1711, 4, 7, 2);
insert into Art_piece (id, address, description, image, name, retention_time, x_coordinate, y_coordinate, year_created, artistic_movement_id, author_id, epoch_id) values (2, '25464 Warner Point', 'A bronze sculpture depicting a man deep in thought, representing philosophy.', 'http://dummyimage.com/160x100.png/5fa2dd/ffffff', 'The Thinker', 66, 35, 36, 2003, 10, 1, 2);
insert into Art_piece (id, address, description, image, name, retention_time, x_coordinate, y_coordinate, year_created, artistic_movement_id, author_id, epoch_id) values (3, '01 Hollow Ridge Pass', 'A passionate embrace of a couple symbolizing love and intimacy.', 'http://dummyimage.com/226x100.png/5fa2dd/ffffff', 'The Kiss', 87, 32, 8, 1874, 10, 4, 2);
insert into Art_piece (id, address, description, image, name, retention_time, x_coordinate, y_coordinate, year_created, artistic_movement_id, author_id, epoch_id) values (4, '4 Corry Trail', 'A portrait of a young girl with a pearl earring, noted for its beauty and mystery.', 'http://dummyimage.com/115x100.png/cc0000/ffffff', 'Girl with a Pearl Earring', 7, 9, 39, 1517, 9, 9, 2);
insert into Art_piece (id, address, description, image, name, retention_time, x_coordinate, y_coordinate, year_created, artistic_movement_id, author_id, epoch_id) values (5, '420 Old Shore Circle', 'A fresco painting depicting the Biblical creation of Adam.', 'http://dummyimage.com/116x100.png/ff4444/ffffff', 'The Creation of Adam', 54, 3, 8, 1598, 7, 2, 1);
insert into Art_piece (id, address, description, image, name, retention_time, x_coordinate, y_coordinate, year_created, artistic_movement_id, author_id, epoch_id) values (6, '0 Schmedeman Drive', 'A large painting showing the company of Captain Frans Banning Cocq.', 'http://dummyimage.com/221x100.png/cc0000/ffffff', 'The Night Watch', 113, 4, 47, 1617, 2, 5, 4);
insert into Art_piece (id, address, description, image, name, retention_time, x_coordinate, y_coordinate, year_created, artistic_movement_id, author_id, epoch_id) values (7, '63 Village Plaza', 'A triptych depicting the Garden of Eden, Earth, and Hell.', 'http://dummyimage.com/186x100.png/ff4444/ffffff', 'The Garden of Earthly Delights', 20, 25, 4, 1828, 8, 9, 4);
insert into Art_piece (id, address, description, image, name, retention_time, x_coordinate, y_coordinate, year_created, artistic_movement_id, author_id, epoch_id) values (8, '802 Hooker Center', 'A series of large oil paintings of water lilies.', 'http://dummyimage.com/239x100.png/dddddd/000000', 'Water Lilies', 20, 40, 22, 1512, 6, 6, 4);
insert into Art_piece (id, address, description, image, name, retention_time, x_coordinate, y_coordinate, year_created, artistic_movement_id, author_id, epoch_id) values (9, '5987 Paget Parkway', 'A famous woodblock print depicting a large wave.', 'http://dummyimage.com/181x100.png/ff4444/ffffff', 'The Great Wave off Kanagawa', 47, 1, 50, 1831, 2, 6, 3);
insert into Art_piece (id, address, description, image, name, retention_time, x_coordinate, y_coordinate, year_created, artistic_movement_id, author_id, epoch_id) values (10, '13 Ludington Trail', 'A groundbreaking work of art that depicts five nude female prostitutes.', 'http://dummyimage.com/249x100.png/5fa2dd/ffffff', 'Les Demoiselles d''Avignon', 82, 5, 43, 1519, 6, 7, 3);
insert into Art_piece (id, address, description, image, name, retention_time, x_coordinate, y_coordinate, year_created, artistic_movement_id, author_id, epoch_id) values (11, '58 Melby Alley', 'A double portrait of a wealthy merchant and his wife in their home.', 'http://dummyimage.com/250x100.png/5fa2dd/ffffff', 'The Arnolfini Portrait', 37, 18, 34, 1997, 10, 3, 2);
insert into Art_piece (id, address, description, image, name, retention_time, x_coordinate, y_coordinate, year_created, artistic_movement_id, author_id, epoch_id) values (12, '64 Holy Cross Plaza', 'A painting of a farmer and his daughter, symbolizing rural America.', 'http://dummyimage.com/117x100.png/cc0000/ffffff', 'American Gothic', 19, 35, 37, 1931, 6, 3, 2);
insert into Art_piece (id, address, description, image, name, retention_time, x_coordinate, y_coordinate, year_created, artistic_movement_id, author_id, epoch_id) values (13, '7070 Summit Park', 'A painting of the artist''s mother in profile, epitomizing Victorian restraint.', 'http://dummyimage.com/133x100.png/dddddd/000000', 'Whistler''s Mother', 108, 21, 47, 1837, 3, 14, 1);
insert into Art_piece (id, address, description, image, name, retention_time, x_coordinate, y_coordinate, year_created, artistic_movement_id, author_id, epoch_id) values (14, '6047 Corscot Crossing', 'A fresco representing philosophy, featuring Plato and Aristotle.', 'http://dummyimage.com/157x100.png/dddddd/000000', 'The School of Athens', 12, 8, 15, 1733, 10, 3, 4);
insert into Art_piece (id, address, description, image, name, retention_time, x_coordinate, y_coordinate, year_created, artistic_movement_id, author_id, epoch_id) values (15, '1001 Ludington Avenue', 'A series of paintings depicting cans of Campbell''s Soup.', 'http://dummyimage.com/141x100.png/cc0000/ffffff', 'Campbell''s Soup Cans', 58, 16, 19, 1519, 7, 2, 4);
insert into Art_piece (id, address, description, image, name, retention_time, x_coordinate, y_coordinate, year_created, artistic_movement_id, author_id, epoch_id) values (16, '568 Messerschmidt Parkway', 'A dream-like painting of a sleeping gypsy with a lion.', 'http://dummyimage.com/203x100.png/dddddd/000000', 'The Sleeping Gypsy', 53, 38, 35, 1906, 9, 3, 4);
insert into Art_piece (id, address, description, image, name, retention_time, x_coordinate, y_coordinate, year_created, artistic_movement_id, author_id, epoch_id) values (17, '6 Superior Plaza', 'A dramatic painting showing the death of the Assyrian king Sardanapalus.', 'http://dummyimage.com/110x100.png/dddddd/000000', 'The Death of Sardanapalus', 107, 35, 3, 1800, 3, 12, 1);
insert into Art_piece (id, address, description, image, name, retention_time, x_coordinate, y_coordinate, year_created, artistic_movement_id, author_id, epoch_id) values (18, '8 Meadow Ridge Lane', 'A Romantic painting of a man standing above a sea of fog.', 'http://dummyimage.com/238x100.png/dddddd/000000', 'The Wanderer above the Sea of Fog', 35, 24, 17, 1669, 1, 15, 4);
insert into Art_piece (id, address, description, image, name, retention_time, x_coordinate, y_coordinate, year_created, artistic_movement_id, author_id, epoch_id) values (19, '4751 Briar Crest Road', 'A painting exploring the themes of tragedy and human experience.', 'http://dummyimage.com/153x100.png/ff4444/ffffff', 'Guernica', 116, 3, 28, 1724, 5, 7, 4);
insert into Art_piece (id, address, description, image, name, retention_time, x_coordinate, y_coordinate, year_created, artistic_movement_id, author_id, epoch_id) values (20, '3 1st Way', 'A mural depicting the artist''s dream of Detroit''s industrial and agricultural growth.', 'http://dummyimage.com/203x100.png/ff4444/ffffff', 'Detroit Industry Murals', 60, 9, 41, 1591, 2, 11, 4);
insert into Art_piece (id, address, description, image, name, retention_time, x_coordinate, y_coordinate, year_created, artistic_movement_id, author_id, epoch_id) values (21, '78 Maple Wood Hill', 'An abstract painting symbolizing the despair and hope of the human condition.', 'http://dummyimage.com/190x100.png/dddddd/000000', 'The Scream', 90, 12, 27, 1893, 2, 10, 3);
insert into Art_piece (id, address, description, image, name, retention_time, x_coordinate, y_coordinate, year_created, artistic_movement_id, author_id, epoch_id) values (22, '24 Blue Bill Park Hill', 'A surrealist painting depicting the melting of clocks.', 'http://dummyimage.com/199x100.png/ff4444/ffffff', 'The Persistence of Memory', 120, 14, 30, 1931, 8, 11, 3);
insert into Art_piece (id, address, description, image, name, retention_time, x_coordinate, y_coordinate, year_created, artistic_movement_id, author_id, epoch_id) values (23, '44 Anhalt Place', 'An Impressionist painting of water lilies on a pond.', 'http://dummyimage.com/140x100.png/5fa2dd/ffffff', 'Water Lilies (Nymphéas)', 55, 32, 29, 1916, 6, 12, 4);
insert into Art_piece (id, address, description, image, name, retention_time, x_coordinate, y_coordinate, year_created, artistic_movement_id, author_id, epoch_id) values (24, '38 Ruskin Avenue', 'A Cubist painting portraying a violin and candlestick in abstract form.', 'http://dummyimage.com/120x100.png/dddddd/000000', 'Violin and Candlestick', 44, 9, 19, 1910, 7, 13, 4);
insert into Art_piece (id, address, description, image, name, retention_time, x_coordinate, y_coordinate, year_created, artistic_movement_id, author_id, epoch_id) values (25, '15 Dapin Road', 'A Renaissance fresco depicting the Last Supper of Jesus with his disciples.', 'http://dummyimage.com/110x100.png/cc0000/ffffff', 'The Last Supper', 130, 16, 32, 1498, 5, 14, 1);
insert into Art_piece (id, address, description, image, name, retention_time, x_coordinate, y_coordinate, year_created, artistic_movement_id, author_id, epoch_id) values (26, '8979 Eagle Crest Place', 'An Art Nouveau poster advertising a performance by the actress Sarah Bernhardt.', 'http://dummyimage.com/250x100.png/ff4444/ffffff', 'Gismonda', 50, 26, 33, 1894, 8, 15, 2);
insert into Art_piece (id, address, description, image, name, retention_time, x_coordinate, y_coordinate, year_created, artistic_movement_id, author_id, epoch_id) values (27, '2995 Eagle Crest Place', 'A painting of dancers in the ballet by the Impressionist master.', 'http://dummyimage.com/160x100.png/5fa2dd/ffffff', 'The Ballet Class', 66, 22, 31, 1874, 6, 11, 2);
insert into Art_piece (id, address, description, image, name, retention_time, x_coordinate, y_coordinate, year_created, artistic_movement_id, author_id, epoch_id) values (28, '77 Londonderry Place', 'A Baroque painting depicting the mythological story of the abduction of Europa.', 'http://dummyimage.com/130x100.png/ff4444/ffffff', 'The Rape of Europa', 82, 18, 35, 1562, 4, 7, 1);
insert into Art_piece (id, address, description, image, name, retention_time, x_coordinate, y_coordinate, year_created, artistic_movement_id, author_id, epoch_id) values (29, '55 Daystar Road', 'A portrait of the artist''s mother, a powerful and intimate depiction.', 'http://dummyimage.com/140x100.png/5fa2dd/ffffff', 'Arrangement in Grey and Black No.1', 96, 24, 27, 1871, 3, 4, 1);
insert into Art_piece (id, address, description, image, name, retention_time, x_coordinate, y_coordinate, year_created, artistic_movement_id, author_id, epoch_id) values (30, '22 Arizona Parkway', 'A Surrealist painting of a pipe that challenges perceptions of reality.', 'http://dummyimage.com/170x100.png/dddddd/000000', 'The Treachery of Images', 103, 34, 39, 1929, 2, 10, 3);
insert into Art_piece (id, address, description, image, name, retention_time, x_coordinate, y_coordinate, year_created, artistic_movement_id, author_id, epoch_id) values (31, '8987 Warner Lane', 'A series of paintings showing the effects of light on haystacks.', 'http://dummyimage.com/220x100.png/5fa2dd/ffffff', 'Haystacks', 70, 12, 25, 1890, 6, 12, 4);
insert into Art_piece (id, address, description, image, name, retention_time, x_coordinate, y_coordinate, year_created, artistic_movement_id, author_id, epoch_id) values (32, '97 Orin Alley', 'A Rococo painting depicting a romantic outdoor scene.', 'http://dummyimage.com/190x100.png/ff4444/ffffff', 'The Swing', 88, 28, 20, 1767, 1, 8, 3);
insert into Art_piece (id, address, description, image, name, retention_time, x_coordinate, y_coordinate, year_created, artistic_movement_id, author_id, epoch_id) values (33, '12 Menomonie Street', 'A painting of a landscape with cypresses by the Post-Impressionist master.', 'http://dummyimage.com/160x100.png/cc0000/ffffff', 'Wheat Field with Cypresses', 59, 30, 23, 1889, 4, 9, 2);
insert into Art_piece (id, address, description, image, name, retention_time, x_coordinate, y_coordinate, year_created, artistic_movement_id, author_id, epoch_id) values (34, '479 Huxley Alley', 'A dynamic painting of a horse race by the American Realist.', 'http://dummyimage.com/130x100.png/cc0000/ffffff', 'Derby Day', 110, 15, 38, 1839, 7, 2, 2);
insert into Art_piece (id, address, description, image, name, retention_time, x_coordinate, y_coordinate, year_created, artistic_movement_id, author_id, epoch_id) values (35, '349 Dwight Road', 'A painting of an apple by the French Post-Impressionist.', 'http://dummyimage.com/120x100.png/ff4444/ffffff', 'The Apple', 48, 22, 30, 1878, 3, 2, 2);
insert into Art_piece (id, address, description, image, name, retention_time, x_coordinate, y_coordinate, year_created, artistic_movement_id, author_id, epoch_id) values (36, '679 Hazelcrest Trail', 'A monumental painting of the coronation of Napoleon.', 'http://dummyimage.com/150x100.png/dddddd/000000', 'The Coronation of Napoleon', 124, 27, 37, 1805, 5, 2, 3);
insert into Art_piece (id, address, description, image, name, retention_time, x_coordinate, y_coordinate, year_created, artistic_movement_id, author_id, epoch_id) values (37, '43 Scofield Court', 'A vibrant painting of a cabaret singer by the Post-Impressionist.', 'http://dummyimage.com/140x100.png/5fa2dd/ffffff', 'At the Moulin Rouge', 72, 25, 34, 1895, 7, 3, 4);
insert into Art_piece (id, address, description, image, name, retention_time, x_coordinate, y_coordinate, year_created, artistic_movement_id, author_id, epoch_id) values (38, '25692 Eagle Crest Place', 'A painting of a Roman goddess in a peaceful landscape.', 'http://dummyimage.com/110x100.png/5fa2dd/ffffff', 'Venus and Adonis', 61, 16, 18, 1554, 8, 4, 1);
insert into Art_piece (id, address, description, image, name, retention_time, x_coordinate, y_coordinate, year_created, artistic_movement_id, author_id, epoch_id) values (39, '53 Michigan Hill', 'A Renaissance painting of a Madonna and Child in a beautiful garden.', 'http://dummyimage.com/170x100.png/ff4444/ffffff', 'Madonna of the Pinks', 107, 23, 36, 1506, 4, 5, 2);
insert into Art_piece (id, address, description, image, name, retention_time, x_coordinate, y_coordinate, year_created, artistic_movement_id, author_id, epoch_id) values (40, '7819 Little Fleur Hill', 'A large painting depicting the Battle of San Romano.', 'http://dummyimage.com/120x100.png/cc0000/ffffff', 'The Battle of San Romano', 93, 31, 22, 1440, 2, 6, 1);
insert into Art_piece (id, address, description, image, name, retention_time, x_coordinate, y_coordinate, year_created, artistic_movement_id, author_id, epoch_id) values (41, '75 Eastlawn Point', 'A dynamic painting of a peasant dance by the Flemish Baroque painter.', 'http://dummyimage.com/130x100.png/5fa2dd/ffffff', 'The Peasant Dance', 67, 26, 21, 1568, 5, 7, 2);
insert into Art_piece (id, address, description, image, name, retention_time, x_coordinate, y_coordinate, year_created, artistic_movement_id, author_id, epoch_id) values (42, '9906 Ruskin Circle', 'A Rococo painting of a pastoral scene with a shepherdess.', 'http://dummyimage.com/160x100.png/dddddd/000000', 'The Shepherdess', 76, 18, 40, 1761, 6, 8, 3);
insert into Art_piece (id, address, description, image, name, retention_time, x_coordinate, y_coordinate, year_created, artistic_movement_id, author_id, epoch_id) values (43, '56 Charing Cross Parkway', 'An expressionist painting of a large, sunlit field.', 'http://dummyimage.com/150x100.png/ff4444/ffffff', 'The Red Vineyard', 105, 20, 33, 1888, 8, 9, 2);
insert into Art_piece (id, address, description, image, name, retention_time, x_coordinate, y_coordinate, year_created, artistic_movement_id, author_id, epoch_id) values (44, '7 Esch Hill', 'A painting of a night sky filled with swirling stars.', 'http://dummyimage.com/170x100.png/cc0000/ffffff', 'Starry Night', 77, 33, 35, 1889, 2, 1, 2);
insert into Art_piece (id, address, description, image, name, retention_time, x_coordinate, y_coordinate, year_created, artistic_movement_id, author_id, epoch_id) values (45, '37 Muir Way', 'A surrealist painting of an imaginary scene with a melting clock.', 'http://dummyimage.com/160x100.png/5fa2dd/ffffff', 'Time Transfixed', 98, 24, 34, 1938, 7, 10, 3);
insert into Art_piece (id, address, description, image, name, retention_time, x_coordinate, y_coordinate, year_created, artistic_movement_id, author_id, epoch_id) values (46, '52 Kropf Avenue', 'A Renaissance portrait of the wife of a wealthy merchant.', 'http://dummyimage.com/190x100.png/ff4444/ffffff', 'Mona Lisa', 128, 14, 31, 1503, 6, 14, 1);
insert into Art_piece (id, address, description, image, name, retention_time, x_coordinate, y_coordinate, year_created, artistic_movement_id, author_id, epoch_id) values (47, '89 Carberry Plaza', 'A painting of a girl with a pearl earring, showcasing Dutch mastery of light.', 'http://dummyimage.com/130x100.png/ff4444/ffffff', 'Girl with a Pearl Earring', 120, 25, 24, 1665, 4, 3, 2);
insert into Art_piece (id, address, description, image, name, retention_time, x_coordinate, y_coordinate, year_created, artistic_movement_id, author_id, epoch_id) values (48, '90767 Westport Junction', 'A Baroque painting of the mythical figure Apollo in a golden chariot.', 'http://dummyimage.com/150x100.png/dddddd/000000', 'Apollo in his Chariot', 82, 22, 29, 1614, 4, 11, 2);
